,fips,DENTAL,SLEEP,BPHIGH,COPD,CANCER,CHECKUP,DIABETES,CSMOKING,CHOLSCREEN,PHLTH,STROKE,KIDNEY,CHD,HIGHCHOL,CASTHMA,BINGE,LPA,BPMED,ARTHRITIS,MHLTH,OBESITY,ACCESS2,PAPTEST,COLON_SCREEN,MAMMOUSE,TEETHLOST,COREM,COREW,County-equivalent,unique_county,State,Medianhouseholdincome,Medianfamilyincome,Per capitaincome,Population,Number ofhouseholds
0,11500.0,67.07696629213481,36.20842696629214,30.154494382022477,5.287640449438201,5.15,74.71292134831462,9.587078651685399,19.52752808988764,77.50393258426973,10.730898876404492,3.3898876404494382,2.7241573033707875,4.371348314606744,31.491573033707887,10.37134831460674,21.256741573033704,21.475280898876413,73.40786516853935,19.85842696629214,11.780898876404493,26.362359550561788,10.584269662921354,83.69157303370785,64.80505617977526,77.75786516853933,13.016292134831458,29.22303370786515,27.17303370786516,DC,WashingtonDC,DC,65830,79665,45290,619371,263649
