,LPA,ARTHRITIS,HIGHCHOL,OBESITY,CANCER,DIABETES,CHD,MHLTH,CHOLSCREEN,KIDNEY,CASTHMA,STROKE,BPHIGH,COPD,SLEEP,BINGE,DENTAL,PHLTH,CHECKUP,BPMED,CSMOKING,ACCESS2,PAPTEST,COLON_SCREEN,MAMMOUSE,fips,County-equivalent,unique_county,State,Medianhouseholdincome,Medianfamilyincome,Per capitaincome,Population,Number ofhouseholds
0,21.475280898876413,19.85842696629214,31.491573033707887,26.362359550561788,5.15,9.587078651685399,4.371348314606744,11.780898876404493,77.50393258426973,2.7241573033707875,10.37134831460674,3.3898876404494382,30.154494382022477,5.287640449438201,36.20842696629214,21.256741573033704,67.07696629213481,10.730898876404492,74.71292134831462,73.40786516853935,19.52752808988764,10.584269662921354,83.69157303370785,64.80505617977526,77.75786516853933,11500,DC,WashingtonDC,DC,65830,79665,45290,619371,263649
